Identifier,P1,P2,P3,P4,P5,Performance Score,Rank
M1,0.06698401719555139,0.07485683967027014,0.03987052753471653,0.13852922124099254,0.06717016075288389,0.9654753313984139,1
M2,0.05373443137665111,0.04780015063282311,0.06449644160027675,0.13790427738577002,0.06840780190578459,0.6775535370213401,3
M3,0.05741487188190118,0.05501526770947565,0.04573384040746896,0.1272802318469871,0.062257100418641693,0.742322579213541,2
M4,0.06477575289240134,0.06944550186278074,0.052769815854771876,0.10582382615101384,0.05340609096153359,0.6046567523584755,6
M5,0.05962313618505123,0.05952471588238349,0.06332377902572625,0.07895124037644537,0.04196728636654219,0.29976192063650514,8
M6,0.051526167073501064,0.04419259209449684,0.07974105506943306,0.13957079433303007,0.0703205200511766,0.6113475623791205,5
M7,0.06477575289240134,0.06944550186278074,0.07270507962213014,0.12519708566291204,0.06371976723570616,0.6657213846530231,4
M8,0.050053990871401034,0.04148692319075213,0.03869786496016604,0.06416090246951234,0.03304126835471285,0.30833694868336387,7
